<?xml version="1.0" encoding="UTF-8"?>
<ivy-module version="2.0" xmlns:m="http://ant.apache.org/ivy/maven">
	<info organisation="com.xlson.groovycsv"
		module="groovycsv"
		revision="1.3"
		status="release"
		publication="20180114155155"
	>
		<license name="The Apache License, Version 2.0" url="http://www.apache.org/licenses/LICENSE-2.0.txt" />
		<description homepage="http://github.com/xlson/groovycsv">
		Library for parsing csv in Groovy
		</description>
	</info>
	<configurations>
		<conf name="default" visibility="public" description="runtime dependencies and master artifact can be used with this conf" extends="runtime,master"/>
		<conf name="master" visibility="public" description="contains only the artifact published by this module itself, with no transitive dependencies"/>
		<conf name="compile" visibility="public" description="this is the default scope, used if none is specified. Compile dependencies are available in all classpaths."/>
		<conf name="provided" visibility="public" description="this is much like compile, but indicates you expect the JDK or a container to provide it. It is only available on the compilation classpath, and is not transitive."/>
		<conf name="runtime" visibility="public" description="this scope indicates that the dependency is not required for compilation, but is for execution. It is in the runtime and test classpaths, but not the compile classpath." extends="compile"/>
		<conf name="test" visibility="private" description="this scope indicates that the dependency is not required for normal use of the application, and is only available for the test compilation and execution phases." extends="runtime"/>
		<conf name="system" visibility="public" description="this scope is similar to provided except that you have to provide the JAR which contains it explicitly. The artifact is always available and is not looked up in a repository."/>
		<conf name="sources" visibility="public" description="this configuration contains the source artifact of this module, if any."/>
		<conf name="javadoc" visibility="public" description="this configuration contains the javadoc artifact of this module, if any."/>
		<conf name="optional" visibility="public" description="contains all optional dependencies"/>
	</configurations>
	<publications>
		<artifact name="groovycsv" type="jar" ext="jar" conf="master"/>
		<artifact name="groovycsv" type="source" ext="jar" conf="sources" m:classifier="sources"/>
		<artifact name="groovycsv" type="javadoc" ext="jar" conf="javadoc" m:classifier="javadoc"/>
	</publications>
	<dependencies>
		<dependency org="com.opencsv" name="opencsv" rev="4.0" force="true" conf="compile->compile(*),master(*);runtime->runtime(*)"/>
		<dependency org="org.spockframework" name="spock-core" rev="1.1-groovy-2.4-rc-2" force="true" conf="test->runtime(*),master(*)"/>
		<dependency org="cglib" name="cglib-nodep" rev="2.2" force="true" conf="test->runtime(*),master(*)"/>
		<dependency org="org.objenesis" name="objenesis" rev="1.2" force="true" conf="test->runtime(*),master(*)"/>
	</dependencies>
</ivy-module>
