<?xml version="1.0" encoding="UTF-8"?>
<ivy-module version="2.0" xmlns:m="http://ant.apache.org/ivy/maven">
	<info organisation="com.opencsv"
		module="opencsv"
		revision="4.0"
		status="release"
		publication="20170812211828"
	>
		<license name="Apache 2" url="http://www.apache.org/licenses/LICENSE-2.0.txt" />
		<description homepage="http://opencsv.sf.net">
		A simple library for reading and writing CSV in Java
		</description>
		<m:properties__maven.site.version>3.6</m:properties__maven.site.version>
		<m:properties__maven.javadoc.version>2.10.4</m:properties__maven.javadoc.version>
		<m:properties__maven.surefire.version>2.20</m:properties__maven.surefire.version>
		<m:properties__jacoco.version>0.7.9</m:properties__jacoco.version>
		<m:properties__maven-assembly-plugin.version>3.0.0</m:properties__maven-assembly-plugin.version>
		<m:dependency.management__org.apache.maven.plugins__maven-site-plugin__version>3.6</m:dependency.management__org.apache.maven.plugins__maven-site-plugin__version>
		<m:maven.plugins>null__maven-compiler-plugin__3.6.1|org.apache.maven.plugins__maven-surefire-plugin__2.20|org.apache.maven.plugins__maven-source-plugin__3.0.1|org.apache.maven.plugins__maven-javadoc-plugin__2.10.4|null__maven-assembly-plugin__3.0.0|org.apache.maven.plugins__maven-gpg-plugin__1.6|org.apache.maven.plugins__maven-enforcer-plugin__1.4.1|org.apache.maven.plugins__maven-jar-plugin__3.0.2|org.apache.felix__maven-bundle-plugin__3.3.0|org.jacoco__jacoco-maven-plugin__0.7.9|org.codehaus.gmavenplus__gmavenplus-plugin__1.5</m:maven.plugins>
	</info>
	<configurations>
		<conf name="default" visibility="public" description="runtime dependencies and master artifact can be used with this conf" extends="runtime,master"/>
		<conf name="master" visibility="public" description="contains only the artifact published by this module itself, with no transitive dependencies"/>
		<conf name="compile" visibility="public" description="this is the default scope, used if none is specified. Compile dependencies are available in all classpaths."/>
		<conf name="provided" visibility="public" description="this is much like compile, but indicates you expect the JDK or a container to provide it. It is only available on the compilation classpath, and is not transitive."/>
		<conf name="runtime" visibility="public" description="this scope indicates that the dependency is not required for compilation, but is for execution. It is in the runtime and test classpaths, but not the compile classpath." extends="compile"/>
		<conf name="test" visibility="private" description="this scope indicates that the dependency is not required for normal use of the application, and is only available for the test compilation and execution phases." extends="runtime"/>
		<conf name="system" visibility="public" description="this scope is similar to provided except that you have to provide the JAR which contains it explicitly. The artifact is always available and is not looked up in a repository."/>
		<conf name="sources" visibility="public" description="this configuration contains the source artifact of this module, if any."/>
		<conf name="javadoc" visibility="public" description="this configuration contains the javadoc artifact of this module, if any."/>
		<conf name="optional" visibility="public" description="contains all optional dependencies"/>
	</configurations>
	<publications>
		<artifact name="opencsv" type="jar" ext="jar" conf="master"/>
		<artifact name="opencsv" type="source" ext="jar" conf="sources" m:classifier="sources"/>
		<artifact name="opencsv" type="javadoc" ext="jar" conf="javadoc" m:classifier="javadoc"/>
	</publications>
	<dependencies>
		<dependency org="junit" name="junit" rev="4.12" force="true" conf="test->runtime(*),master(*)"/>
		<dependency org="org.apache.commons" name="commons-lang3" rev="3.6" force="true" conf="compile->compile(*),master(*);runtime->runtime(*)"/>
		<dependency org="org.apache.commons" name="commons-text" rev="1.1" force="true" conf="compile->compile(*),master(*);runtime->runtime(*)"/>
		<dependency org="commons-beanutils" name="commons-beanutils" rev="1.9.3" force="true" conf="compile->compile(*),master(*);runtime->runtime(*)"/>
		<dependency org="org.mockito" name="mockito-core" rev="2.7.22" force="true" conf="test->runtime(*),master(*)"/>
		<dependency org="org.spockframework" name="spock-core" rev="1.1-groovy-2.4" force="true" conf="test->runtime(*),master(*)"/>
		<dependency org="cglib" name="cglib-nodep" rev="3.2.5" force="true" conf="test->runtime(*),master(*)"/>
		<override org="org.apache.maven.plugins" module="maven-site-plugin" matcher="exact" rev="3.6"/>
	</dependencies>
</ivy-module>
